{"Name":null,"PageList":[{"PageName":"Home","Deafultdata":"","EditDOM":"&lt;div class=\"editor-row sfCol_100 text-align-center\" data-id=\"1\" data-type=\"row\"&gt;&lt;div class=\"carrier-open-option\"&gt;&lt;i class=\"icon-icon-drag dragRow\" title=\"drag\"&gt;&lt;/i&gt;Row&lt;i class=\"tooglesettings fa fa-bars\"&gt;&lt;/i&gt;&lt;/div&gt;&lt;div class=\"hide-element  carries-options row-options\"&gt;&lt;i class=\"com-settings\" title=\"Row settings\" data-type=\"row\"&gt;Settings&lt;/i&gt;&lt;i class=\"com-style\" title=\"Row settings\" data-type=\"row\"&gt;Manage Columns&lt;/i&gt;&lt;i class=\"copyRow\" title=\"duplicate\"&gt;Duplicate&lt;/i&gt;&lt;i class=\"deletehelper\" title=\"delete\"&gt;Delete&lt;/i&gt;&lt;/div&gt;&lt;div class=\"colWrapper sfCol_100\"&gt;&lt;div class=\"editor-col ui-state-default text-align-center sfFixed editor-com-innerSpacing-top-35 editor-com-innerSpacing-right-35 editor-com-innerSpacing-bottom-35 editor-com-innerSpacing-left-35 ui-sortable ui-droppable sfCol_25\"&gt;&lt;div class=\"carrier-open-option\"&gt;Col&lt;i class=\"fa fa-bars\"&gt;&lt;/i&gt;&lt;/div&gt;&lt;div class=\"hide-element  carries-options col-options\"&gt;&lt;i class=\"com-settings\" title=\"Col settings\" data-type=\"column\"&gt;Settings&lt;/i&gt;&lt;i class=\"copyData\" title=\"duplicate\"&gt;Copy Components&lt;/i&gt;&lt;i class=\"inactivePaste pasteData\" title=\"paste\"&gt;Paste Components&lt;/i&gt;&lt;i class=\"deletehelper\" title=\"delete\"&gt;Empty Column&lt;/i&gt;&lt;/div&gt;&lt;div class=\"column-data-empty\"&gt;&lt;h4&gt;This is Column&lt;/h4&gt;&lt;p&gt;You can Drag and drop Components here&lt;/p&gt;&lt;/div&gt;&lt;/div&gt;&lt;div class=\"editor-col ui-state-default text-align-center sfFixed editor-com-innerSpacing-top-35 editor-com-innerSpacing-right-35 editor-com-innerSpacing-bottom-35 editor-com-innerSpacing-left-35 ui-sortable ui-droppable sfCol_25\"&gt;&lt;div class=\"carrier-open-option\"&gt;Col&lt;i class=\"fa fa-bars\"&gt;&lt;/i&gt;&lt;/div&gt;&lt;div class=\"hide-element  carries-options col-options\"&gt;&lt;i class=\"copyData\" title=\"duplicate\"&gt;Copy Components&lt;/i&gt;&lt;i class=\"inactivePaste pasteData\" title=\"paste\"&gt;Paste Components&lt;/i&gt;&lt;i class=\"com-settings\" title=\"Col settings\" data-type=\"column\"&gt;Settings&lt;/i&gt;&lt;i class=\"deletehelper\" title=\"delete\"&gt;Empty Column&lt;/i&gt;&lt;/div&gt;&lt;div class=\"editor-component  accordian editor-com-innerSpacing-top-10 sfCol_100  clearfix\" data-id=\"2\" data-type=\"accordion\"&gt;&lt;div class=\"carrier-open-option\"&gt;&lt;i title=\"drag\" class=\"icon-icon-drag sortComponent\"&gt;&lt;/i&gt;\n        Accordion&lt;i title=\"\" class=\"fa fa-bars\"&gt;&lt;/i&gt;&lt;/div&gt;&lt;div class=\"carries-options button-options hide-element\"&gt;&lt;i title=\"Accordion Setting\" class=\"row-setting com-settings\" data-type=\"accordion\"&gt;Setting&lt;/i&gt;&lt;i title=\"delete\" class=\"deletehelper\"&gt;Delete&lt;/i&gt;&lt;/div&gt;&lt;div class=\"accordianWrap\" data-activecolor=\"rgba(229, 227, 242,0.77)\" data-hovercolor=\"rgba(229, 227, 242,1)\" data-titlebgcolor=\"rgba(255, 255, 255,1)\" data-titlecolor=\"rgba(93, 93, 93,1)\" data-iconcolor=\"rgba(141, 141, 141,1)\" data-activetitle=\"rgba(63, 63, 63,1)\" data-activeicon=\"rgba(115, 115, 115,1)\"&gt;&lt;div class=\"acordianItem edit-border sfCol_100 \"&gt;&lt;div class=\"accordianTitle sfCol_100 edit-border editor-com-outerSpacing-top-0 text-align-left editor-com-innerSpacing-right-5 editor-com-innerSpacing-left-5 ff-montserrat f-weight-400 editor-com-innerSpacing-bottom-10 editor-com-innerSpacing-top-10 editor-com-outerSpacing-bottom-0 active\" style=\"cursor: pointer; background-color: rgba(229, 227, 242, 0.77); border-radius: 0px; border-style: solid; border-width: 0px 0px 2px; border-bottom: 2px solid rgb(212, 212, 212);\"&gt;&lt;div class=\"accordian-icon display-inline-block\" style=\"width: 20px; height: 20px; display: inline-block;\"&gt;&lt;div class=\"dis-table\"&gt;&lt;div class=\"dis-table-cell text-align-center\"&gt;&lt;i class=\"onhovercolor fa fa-heart\" style=\"font-size: 15px; color: rgb(115, 115, 115);\"&gt;&lt;/i&gt;&lt;/div&gt;&lt;/div&gt;&lt;/div&gt;&lt;div class=\"accordian-head edit-border display-inline-block\" style=\"min-width:15px\"&gt;&lt;h2 class=\"ff-montserrat f-weight-400 editor-com-outerSpacing-bulk-0 \" style=\"font-size: 14px; color: rgb(63, 63, 63);\" contenteditable=\"true\"&gt;Lorem Ipsum Dolor Sit Amet&lt;/h2&gt;&lt;/div&gt;&lt;div class=\"accordian-icon static float-right\" style=\"display: block; width: 20px; height: 20px;\"&gt;&lt;div class=\"dis-table\"&gt;&lt;div class=\"dis-table-cell text-align-center\"&gt;&lt;i class=\"onhovercolor fa fa-chevron-up\" style=\"font-size: 15px; color: rgb(115, 115, 115);\"&gt;&lt;/i&gt;&lt;/div&gt;&lt;/div&gt;&lt;/div&gt;&lt;/div&gt;&lt;div class=\"acordianContent sfCol_100\" style=\"\"&gt;&lt;div class=\"editor-component clearfix sfCol_100 holder editor-com-innerSpacing-top-25 editor-com-innerSpacing-right-25 editor-com-innerSpacing-bottom-25 editor-com-innerSpacing-left-25\" data-backgroundcolor=\"\" data-backgroundimage=\"\"&gt;&lt;div class=\"carrier-open-option no-drag\"&gt;Content&lt;i class=\"tooglesettings fa fa-bars\"&gt;&lt;/i&gt;&lt;/div&gt;&lt;div class=\"carries-options holder-options hide-element\"&gt;&lt;i class=\"com-settings\" title=\"Content settings\" data-type=\"holder\"&gt;Settings&lt;/i&gt;&lt;/div&gt;&lt;div class=\"editor-col ui-state-default sfFixed sfCol_100 ui-sortable ui-droppable\"&gt;&lt;div class=\"editor-component paragraph text-align-left sfCol_100\"&gt;&lt;div class=\"carrier-open-option\"&gt;&lt;i class=\"icon-icon-drag sortComponent\" title=\"drag\"&gt;&lt;/i&gt;Text&lt;i class=\"tooglesettings fa fa-bars\"&gt;&lt;/i&gt;&lt;/div&gt;&lt;div class=\"carries-options text-options hide-element\"&gt;&lt;i class=\"com-settings\" title=\"Text settings\" data-type=\"text\"&gt;Settings&lt;/i&gt;&lt;i class=\"deletehelper\" title=\"delete\"&gt;Delete&lt;/i&gt;&lt;/div&gt;&lt;p style=\"font-size: 15px;\" class=\"editor-para editor-com-outerSpacing-top-0 editor-com-outerSpacing-bottom-0 ff-montserrat f-weight-400 editor-com-innerSpacing-top-15 editor-com-innerSpacing-right-15 editor-com-innerSpacing-bottom-15 editor-com-innerSpacing-left-15\" contenteditable=\"true\"&gt;Lorem Ipsum is simply dummy text of the printing and typesetting industry. Lorem Ipsum has been the industry's standard dummy text ever since the 1500s, when an unknown printer took a galley of type and scrambled it to make a type specimen book.&lt;/p&gt;&lt;/div&gt;&lt;/div&gt;&lt;/div&gt;&lt;/div&gt;&lt;/div&gt;&lt;div class=\"acordianItem edit-border sfCol_100\"&gt;&lt;div class=\"accordianTitle sfCol_100 edit-border  editor-com-outerSpacing-top-0 text-align-left editor-com-innerSpacing-right-5 editor-com-innerSpacing-left-5 ff-montserrat f-weight-400 editor-com-innerSpacing-bottom-10 editor-com-innerSpacing-top-10 editor-com-outerSpacing-bottom-0\" style=\"cursor: pointer; background-color: rgb(255, 255, 255); border-radius: 0px; border-style: solid; border-width: 0px 0px 2px; border-bottom: 2px solid rgb(212, 212, 212);\"&gt;&lt;div class=\"accordian-icon display-inline-block\" style=\"width: 20px; height: 20px; display: inline-block;\"&gt;&lt;div class=\"dis-table\"&gt;&lt;div class=\"dis-table-cell text-align-center\"&gt;&lt;i class=\"onhovercolor fa fa-heart\" style=\"font-size: 15px; color: rgb(141, 141, 141);\"&gt;&lt;/i&gt;&lt;/div&gt;&lt;/div&gt;&lt;/div&gt;&lt;div class=\"accordian-head edit-border display-inline-block\" style=\"min-width:15px\"&gt;&lt;h2 class=\"ff-montserrat f-weight-400 editor-com-outerSpacing-bulk-0 \" style=\"font-size: 14px; color: rgb(93, 93, 93);\" contenteditable=\"true\"&gt;Lorem Ipsum Dolor Sit Amet&lt;/h2&gt;&lt;/div&gt;&lt;div class=\"accordian-icon static float-right\" style=\"display: block; width: 20px; height: 20px;\"&gt;&lt;div class=\"dis-table\"&gt;&lt;div class=\"dis-table-cell text-align-center\"&gt;&lt;i class=\"onhovercolor fa fa-chevron-down\" style=\"font-size: 15px; color: rgb(141, 141, 141);\"&gt;&lt;/i&gt;&lt;/div&gt;&lt;/div&gt;&lt;/div&gt;&lt;/div&gt;&lt;div class=\"acordianContent sfCol_100\" style=\"display: none;\"&gt;&lt;div class=\"editor-component clearfix  sfCol_100 holder editor-com-innerSpacing-top-25 editor-com-innerSpacing-right-25 editor-com-innerSpacing-bottom-25 editor-com-innerSpacing-left-25\" data-backgroundcolor=\"\" data-backgroundimage=\"\"&gt;&lt;div class=\"carrier-open-option no-drag\"&gt;Content&lt;i class=\"tooglesettings fa fa-bars\"&gt;&lt;/i&gt;&lt;/div&gt;&lt;div class=\"carries-options holder-options hide-element\"&gt;&lt;i class=\"com-settings\" title=\"Content settings\" data-type=\"holder\"&gt;Settings&lt;/i&gt;&lt;/div&gt;&lt;div class=\"editor-col ui-state-default sfFixed sfCol_100 ui-sortable ui-droppable\"&gt;&lt;div class=\"editor-component paragraph sfCol_62 text-align-left\"&gt;&lt;div class=\"carrier-open-option\"&gt;&lt;i class=\"icon-icon-drag sortComponent\" title=\"drag\"&gt;&lt;/i&gt;Text&lt;i class=\"tooglesettings fa fa-bars\"&gt;&lt;/i&gt;&lt;/div&gt;&lt;div class=\"carries-options text-options hide-element\"&gt;&lt;i class=\"com-settings\" title=\"Text settings\" data-type=\"text\"&gt;Settings&lt;/i&gt;&lt;i class=\"deletehelper\" title=\"delete\"&gt;Delete&lt;/i&gt;&lt;/div&gt;&lt;p style=\"font-size: 15px;\" class=\"editor-para editor-com-outerSpacing-top-0 editor-com-outerSpacing-bottom-0 ff-montserrat f-weight-400 editor-com-innerSpacing-top-25 editor-com-innerSpacing-right-25 editor-com-innerSpacing-bottom-25 editor-com-innerSpacing-left-25\" contenteditable=\"true\"&gt;Lorem Ipsum is simply dummy text of the printing and typesetting industry. Lorem Ipsum has been the industry's standard dummy text ever since the 1500s, when an unknown printer took a galley of type and scrambled it to make a type specimen book.&lt;/p&gt;&lt;/div&gt;&lt;/div&gt;&lt;/div&gt;&lt;/div&gt;&lt;/div&gt;&lt;div class=\"acordianItem edit-border sfCol_100\"&gt;&lt;div class=\"accordianTitle sfCol_100 edit-border editor-com-outerSpacing-top-0 text-align-left editor-com-innerSpacing-right-5 editor-com-innerSpacing-left-5 ff-montserrat f-weight-400 editor-com-innerSpacing-bottom-10 editor-com-innerSpacing-top-10 editor-com-outerSpacing-bottom-0\" style=\"cursor: pointer; background-color: rgb(255, 255, 255); border-radius: 0px; border-style: solid; border-width: 0px 0px 2px; border-bottom-color: rgb(212, 212, 212);\"&gt;&lt;div class=\"accordian-icon display-inline-block\" style=\"width: 20px; height: 20px; display: inline-block;\"&gt;&lt;div class=\"dis-table\"&gt;&lt;div class=\"dis-table-cell text-align-center\"&gt;&lt;i class=\"onhovercolor fa fa-heart\" style=\"font-size: 15px; color: rgb(141, 141, 141);\"&gt;&lt;/i&gt;&lt;/div&gt;&lt;/div&gt;&lt;/div&gt;&lt;div class=\"accordian-head edit-border display-inline-block\" style=\"min-width:15px\"&gt;&lt;h2 class=\"ff-montserrat f-weight-400 editor-com-outerSpacing-bulk-0 \" style=\"font-size: 14px; color: rgb(93, 93, 93);\" contenteditable=\"true\"&gt;Lorem Ipsum Dolor Sit Amet&lt;/h2&gt;&lt;/div&gt;&lt;div class=\"accordian-icon static float-right\" style=\"display: block; width: 20px; height: 20px;\"&gt;&lt;div class=\"dis-table\"&gt;&lt;div class=\"dis-table-cell text-align-center\"&gt;&lt;i class=\"onhovercolor fa fa-chevron-down\" style=\"font-size: 15px; color: rgb(141, 141, 141);\"&gt;&lt;/i&gt;&lt;/div&gt;&lt;/div&gt;&lt;/div&gt;&lt;/div&gt;&lt;div class=\"acordianContent sfCol_100\" style=\"display: none;\"&gt;&lt;div class=\"editor-component clearfix  sfCol_100 holder editor-com-innerSpacing-top-25 editor-com-innerSpacing-right-25 editor-com-innerSpacing-bottom-25 editor-com-innerSpacing-left-25\" data-backgroundcolor=\"\" data-backgroundimage=\"\"&gt;&lt;div class=\"carrier-open-option no-drag\"&gt;Content&lt;i class=\"tooglesettings fa fa-bars\"&gt;&lt;/i&gt;&lt;/div&gt;&lt;div class=\"carries-options holder-options hide-element\"&gt;&lt;i class=\"com-settings\" title=\"Content settings\" data-type=\"holder\"&gt;Settings&lt;/i&gt;&lt;/div&gt;&lt;div class=\"editor-col ui-state-default sfFixed sfCol_100 ui-sortable ui-droppable\"&gt;&lt;div class=\"editor-component paragraph sfCol_62 text-align-left\"&gt;&lt;div class=\"carrier-open-option\"&gt;&lt;i class=\"icon-icon-drag sortComponent\" title=\"drag\"&gt;&lt;/i&gt;Text&lt;i class=\"tooglesettings fa fa-bars\"&gt;&lt;/i&gt;&lt;/div&gt;&lt;div class=\"carries-options text-options hide-element\"&gt;&lt;i class=\"com-settings\" title=\"Text settings\" data-type=\"text\"&gt;Settings&lt;/i&gt;&lt;i class=\"deletehelper\" title=\"delete\"&gt;Delete&lt;/i&gt;&lt;/div&gt;&lt;p style=\"font-size: 15px;\" class=\"editor-para editor-com-outerSpacing-top-0 editor-com-outerSpacing-bottom-0 ff-montserrat f-weight-400 editor-com-innerSpacing-top-25 editor-com-innerSpacing-right-25 editor-com-innerSpacing-bottom-25 editor-com-innerSpacing-left-25\" contenteditable=\"true\"&gt;Lorem Ipsum is simply dummy text of the printing and typesetting industry. Lorem Ipsum has been the industry's standard dummy text ever since the 1500s, when an unknown printer took a galley of type and scrambled it to make a type specimen book.&lt;/p&gt;&lt;/div&gt;&lt;/div&gt;&lt;/div&gt;&lt;/div&gt;&lt;/div&gt;&lt;/div&gt;&lt;/div&gt;&lt;/div&gt;&lt;div class=\"editor-col ui-state-default text-align-center sfFixed editor-com-innerSpacing-top-35 editor-com-innerSpacing-right-35 editor-com-innerSpacing-bottom-35 editor-com-innerSpacing-left-35 ui-sortable ui-droppable sfCol_25\"&gt;&lt;div class=\"carrier-open-option\"&gt;Col&lt;i class=\"fa fa-bars\"&gt;&lt;/i&gt;&lt;/div&gt;&lt;div class=\"hide-element  carries-options col-options\"&gt;&lt;i class=\"copyData\" title=\"duplicate\"&gt;Copy Components&lt;/i&gt;&lt;i class=\"inactivePaste pasteData\" title=\"paste\"&gt;Paste Components&lt;/i&gt;&lt;i class=\"com-settings\" title=\"Col settings\" data-type=\"column\"&gt;Settings&lt;/i&gt;&lt;i class=\"deletehelper\" title=\"delete\"&gt;Empty Column&lt;/i&gt;&lt;/div&gt;&lt;div class=\"column-data-empty\"&gt;&lt;h4&gt;This is Column&lt;/h4&gt;&lt;p&gt;You can Drag and drop Components here&lt;/p&gt;&lt;/div&gt;&lt;/div&gt;&lt;div class=\"editor-col ui-state-default text-align-center sfFixed editor-com-innerSpacing-top-35 editor-com-innerSpacing-right-35 editor-com-innerSpacing-bottom-35 editor-com-innerSpacing-left-35 ui-sortable ui-droppable sfCol_25\"&gt;&lt;div class=\"carrier-open-option\"&gt;Col&lt;i class=\"fa fa-bars\"&gt;&lt;/i&gt;&lt;/div&gt;&lt;div class=\"hide-element  carries-options col-options\"&gt;&lt;i class=\"copyData\" title=\"duplicate\"&gt;Copy Components&lt;/i&gt;&lt;i class=\"inactivePaste pasteData\" title=\"paste\"&gt;Paste Components&lt;/i&gt;&lt;i class=\"com-settings\" title=\"Col settings\" data-type=\"column\"&gt;Settings&lt;/i&gt;&lt;i class=\"deletehelper\" title=\"delete\"&gt;Empty Column&lt;/i&gt;&lt;/div&gt;&lt;div class=\"column-data-empty\"&gt;&lt;h4&gt;This is Column&lt;/h4&gt;&lt;p&gt;You can Drag and drop Components here&lt;/p&gt;&lt;/div&gt;&lt;/div&gt;&lt;/div&gt;&lt;/div&gt;","ViewDOM":"&lt;div class=\"editor-row sfCol_100 text-align-center\" data-id=\"1\" data-type=\"row\"&gt;&lt;div class=\"colWrapper sfCol_100\"&gt;&lt;div class=\"editor-col ui-state-default text-align-center sfFixed editor-com-innerSpacing-top-35 editor-com-innerSpacing-right-35 editor-com-innerSpacing-bottom-35 editor-com-innerSpacing-left-35 sfCol_25\"&gt;&lt;div class=\"column-data-empty\"&gt;&lt;h4&gt;This is Column&lt;/h4&gt;&lt;p&gt;You can Drag and drop Components here&lt;/p&gt;&lt;/div&gt;&lt;/div&gt;&lt;div class=\"editor-col ui-state-default text-align-center sfFixed editor-com-innerSpacing-top-35 editor-com-innerSpacing-right-35 editor-com-innerSpacing-bottom-35 editor-com-innerSpacing-left-35 sfCol_25\"&gt;&lt;div class=\"editor-component  accordian editor-com-innerSpacing-top-10 sfCol_100  clearfix\" data-id=\"2\" data-type=\"accordion\"&gt;&lt;div class=\"accordianWrap\" data-activecolor=\"rgba(229, 227, 242,0.77)\" data-hovercolor=\"rgba(229, 227, 242,1)\" data-titlebgcolor=\"rgba(255, 255, 255,1)\" data-titlecolor=\"rgba(93, 93, 93,1)\" data-iconcolor=\"rgba(141, 141, 141,1)\" data-activetitle=\"rgba(63, 63, 63,1)\" data-activeicon=\"rgba(115, 115, 115,1)\"&gt;&lt;div class=\"acordianItem edit-border sfCol_100 \"&gt;&lt;div class=\"accordianTitle sfCol_100 edit-border editor-com-outerSpacing-top-0 text-align-left editor-com-innerSpacing-right-5 editor-com-innerSpacing-left-5 ff-montserrat f-weight-400 editor-com-innerSpacing-bottom-10 editor-com-innerSpacing-top-10 editor-com-outerSpacing-bottom-0 active\" style=\"cursor: pointer; background-color: rgba(229, 227, 242, 0.77); border-radius: 0px; border-style: solid; border-width: 0px 0px 2px; border-bottom: 2px solid rgb(212, 212, 212);\"&gt;&lt;div class=\"accordian-icon display-inline-block\" style=\"width: 20px; height: 20px; display: inline-block;\"&gt;&lt;div class=\"dis-table\"&gt;&lt;div class=\"dis-table-cell text-align-center\"&gt;&lt;i class=\"onhovercolor fa fa-heart\" style=\"font-size: 15px; color: rgb(115, 115, 115);\"&gt;&lt;/i&gt;&lt;/div&gt;&lt;/div&gt;&lt;/div&gt;&lt;div class=\"accordian-head edit-border display-inline-block\" style=\"min-width:15px\"&gt;&lt;h2 class=\"ff-montserrat f-weight-400 editor-com-outerSpacing-bulk-0 \" style=\"font-size: 14px; color: rgb(63, 63, 63);\"&gt;Lorem Ipsum Dolor Sit Amet&lt;/h2&gt;&lt;/div&gt;&lt;div class=\"accordian-icon static float-right\" style=\"display: block; width: 20px; height: 20px;\"&gt;&lt;div class=\"dis-table\"&gt;&lt;div class=\"dis-table-cell text-align-center\"&gt;&lt;i class=\"onhovercolor fa fa-chevron-up\" style=\"font-size: 15px; color: rgb(115, 115, 115);\"&gt;&lt;/i&gt;&lt;/div&gt;&lt;/div&gt;&lt;/div&gt;&lt;/div&gt;&lt;div class=\"acordianContent sfCol_100\" style=\"\"&gt;&lt;div class=\"editor-component clearfix sfCol_100 holder editor-com-innerSpacing-top-25 editor-com-innerSpacing-right-25 editor-com-innerSpacing-bottom-25 editor-com-innerSpacing-left-25\" data-backgroundcolor=\"\" data-backgroundimage=\"\"&gt;&lt;div class=\"editor-col ui-state-default sfFixed sfCol_100\"&gt;&lt;div class=\"editor-component paragraph text-align-left sfCol_100\"&gt;&lt;p style=\"font-size: 15px;\" class=\"editor-para editor-com-outerSpacing-top-0 editor-com-outerSpacing-bottom-0 ff-montserrat f-weight-400 editor-com-innerSpacing-top-15 editor-com-innerSpacing-right-15 editor-com-innerSpacing-bottom-15 editor-com-innerSpacing-left-15\"&gt;Lorem Ipsum is simply dummy text of the printing and typesetting industry. Lorem Ipsum has been the industry's standard dummy text ever since the 1500s, when an unknown printer took a galley of type and scrambled it to make a type specimen book.&lt;/p&gt;&lt;/div&gt;&lt;/div&gt;&lt;/div&gt;&lt;/div&gt;&lt;/div&gt;&lt;div class=\"acordianItem edit-border sfCol_100\"&gt;&lt;div class=\"accordianTitle sfCol_100 edit-border  editor-com-outerSpacing-top-0 text-align-left editor-com-innerSpacing-right-5 editor-com-innerSpacing-left-5 ff-montserrat f-weight-400 editor-com-innerSpacing-bottom-10 editor-com-innerSpacing-top-10 editor-com-outerSpacing-bottom-0\" style=\"cursor: pointer; background-color: rgb(255, 255, 255); border-radius: 0px; border-style: solid; border-width: 0px 0px 2px; border-bottom: 2px solid rgb(212, 212, 212);\"&gt;&lt;div class=\"accordian-icon display-inline-block\" style=\"width: 20px; height: 20px; display: inline-block;\"&gt;&lt;div class=\"dis-table\"&gt;&lt;div class=\"dis-table-cell text-align-center\"&gt;&lt;i class=\"onhovercolor fa fa-heart\" style=\"font-size: 15px; color: rgb(141, 141, 141);\"&gt;&lt;/i&gt;&lt;/div&gt;&lt;/div&gt;&lt;/div&gt;&lt;div class=\"accordian-head edit-border display-inline-block\" style=\"min-width:15px\"&gt;&lt;h2 class=\"ff-montserrat f-weight-400 editor-com-outerSpacing-bulk-0 \" style=\"font-size: 14px; color: rgb(93, 93, 93);\"&gt;Lorem Ipsum Dolor Sit Amet&lt;/h2&gt;&lt;/div&gt;&lt;div class=\"accordian-icon static float-right\" style=\"display: block; width: 20px; height: 20px;\"&gt;&lt;div class=\"dis-table\"&gt;&lt;div class=\"dis-table-cell text-align-center\"&gt;&lt;i class=\"onhovercolor fa fa-chevron-down\" style=\"font-size: 15px; color: rgb(141, 141, 141);\"&gt;&lt;/i&gt;&lt;/div&gt;&lt;/div&gt;&lt;/div&gt;&lt;/div&gt;&lt;div class=\"acordianContent sfCol_100\" style=\"display: none;\"&gt;&lt;div class=\"editor-component clearfix  sfCol_100 holder editor-com-innerSpacing-top-25 editor-com-innerSpacing-right-25 editor-com-innerSpacing-bottom-25 editor-com-innerSpacing-left-25\" data-backgroundcolor=\"\" data-backgroundimage=\"\"&gt;&lt;div class=\"editor-col ui-state-default sfFixed sfCol_100\"&gt;&lt;div class=\"editor-component paragraph sfCol_62 text-align-left\"&gt;&lt;p style=\"font-size: 15px;\" class=\"editor-para editor-com-outerSpacing-top-0 editor-com-outerSpacing-bottom-0 ff-montserrat f-weight-400 editor-com-innerSpacing-top-25 editor-com-innerSpacing-right-25 editor-com-innerSpacing-bottom-25 editor-com-innerSpacing-left-25\"&gt;Lorem Ipsum is simply dummy text of the printing and typesetting industry. Lorem Ipsum has been the industry's standard dummy text ever since the 1500s, when an unknown printer took a galley of type and scrambled it to make a type specimen book.&lt;/p&gt;&lt;/div&gt;&lt;/div&gt;&lt;/div&gt;&lt;/div&gt;&lt;/div&gt;&lt;div class=\"acordianItem edit-border sfCol_100\"&gt;&lt;div class=\"accordianTitle sfCol_100 edit-border editor-com-outerSpacing-top-0 text-align-left editor-com-innerSpacing-right-5 editor-com-innerSpacing-left-5 ff-montserrat f-weight-400 editor-com-innerSpacing-bottom-10 editor-com-innerSpacing-top-10 editor-com-outerSpacing-bottom-0\" style=\"cursor: pointer; background-color: rgb(255, 255, 255); border-radius: 0px; border-style: solid; border-width: 0px 0px 2px; border-bottom-color: rgb(212, 212, 212);\"&gt;&lt;div class=\"accordian-icon display-inline-block\" style=\"width: 20px; height: 20px; display: inline-block;\"&gt;&lt;div class=\"dis-table\"&gt;&lt;div class=\"dis-table-cell text-align-center\"&gt;&lt;i class=\"onhovercolor fa fa-heart\" style=\"font-size: 15px; color: rgb(141, 141, 141);\"&gt;&lt;/i&gt;&lt;/div&gt;&lt;/div&gt;&lt;/div&gt;&lt;div class=\"accordian-head edit-border display-inline-block\" style=\"min-width:15px\"&gt;&lt;h2 class=\"ff-montserrat f-weight-400 editor-com-outerSpacing-bulk-0 \" style=\"font-size: 14px; color: rgb(93, 93, 93);\"&gt;Lorem Ipsum Dolor Sit Amet&lt;/h2&gt;&lt;/div&gt;&lt;div class=\"accordian-icon static float-right\" style=\"display: block; width: 20px; height: 20px;\"&gt;&lt;div class=\"dis-table\"&gt;&lt;div class=\"dis-table-cell text-align-center\"&gt;&lt;i class=\"onhovercolor fa fa-chevron-down\" style=\"font-size: 15px; color: rgb(141, 141, 141);\"&gt;&lt;/i&gt;&lt;/div&gt;&lt;/div&gt;&lt;/div&gt;&lt;/div&gt;&lt;div class=\"acordianContent sfCol_100\" style=\"display: none;\"&gt;&lt;div class=\"editor-component clearfix  sfCol_100 holder editor-com-innerSpacing-top-25 editor-com-innerSpacing-right-25 editor-com-innerSpacing-bottom-25 editor-com-innerSpacing-left-25\" data-backgroundcolor=\"\" data-backgroundimage=\"\"&gt;&lt;div class=\"editor-col ui-state-default sfFixed sfCol_100\"&gt;&lt;div class=\"editor-component paragraph sfCol_62 text-align-left\"&gt;&lt;p style=\"font-size: 15px;\" class=\"editor-para editor-com-outerSpacing-top-0 editor-com-outerSpacing-bottom-0 ff-montserrat f-weight-400 editor-com-innerSpacing-top-25 editor-com-innerSpacing-right-25 editor-com-innerSpacing-bottom-25 editor-com-innerSpacing-left-25\"&gt;Lorem Ipsum is simply dummy text of the printing and typesetting industry. Lorem Ipsum has been the industry's standard dummy text ever since the 1500s, when an unknown printer took a galley of type and scrambled it to make a type specimen book.&lt;/p&gt;&lt;/div&gt;&lt;/div&gt;&lt;/div&gt;&lt;/div&gt;&lt;/div&gt;&lt;/div&gt;&lt;/div&gt;&lt;/div&gt;&lt;div class=\"editor-col ui-state-default text-align-center sfFixed editor-com-innerSpacing-top-35 editor-com-innerSpacing-right-35 editor-com-innerSpacing-bottom-35 editor-com-innerSpacing-left-35 sfCol_25\"&gt;&lt;div class=\"column-data-empty\"&gt;&lt;h4&gt;This is Column&lt;/h4&gt;&lt;p&gt;You can Drag and drop Components here&lt;/p&gt;&lt;/div&gt;&lt;/div&gt;&lt;div class=\"editor-col ui-state-default text-align-center sfFixed editor-com-innerSpacing-top-35 editor-com-innerSpacing-right-35 editor-com-innerSpacing-bottom-35 editor-com-innerSpacing-left-35 sfCol_25\"&gt;&lt;div class=\"column-data-empty\"&gt;&lt;h4&gt;This is Column&lt;/h4&gt;&lt;p&gt;You can Drag and drop Components here&lt;/p&gt;&lt;/div&gt;&lt;/div&gt;&lt;/div&gt;&lt;/div&gt;","Settings":"{\"primaryColor\":\"rgba(255, 36, 0,1)\",\"secondaryColor\":\"rgba(255, 211, 211,1)\",\"optionalColor\":\"#ccc\",\"defaultLayout\":\"fullWidth\",\"defaultFontFamily\":\"montserrat\",\"SiteHeaderEffect\":\"site-header-normal\",\"body\":{\"class\":\"editor-box\"},\"shadedLayer\":null,\"temporaryBackgroundcolor\":\"#FFF\",\"temporaryWidth\":\"100\",\"scrolltotop\":true,\"idcount\":2,\"isunderconstruction\":false}","Culture":"en-US","Extra":""},{"PageName":"old","Deafultdata":"","EditDOM":"","ViewDOM":"","Settings":"{\"primaryColor\":\"rgba(255, 36, 0,1)\",\"secondaryColor\":\"rgba(255, 211, 211,1)\",\"optionalColor\":\"#ccc\",\"defaultLayout\":\"fullWidth\",\"defaultFontFamily\":\"montserrat\",\"SiteHeaderEffect\":\"site-header-normal\",\"body\":{\"class\":\"editor-box\"},\"shadedLayer\":null,\"temporaryBackgroundcolor\":\"#FFF\",\"temporaryWidth\":\"100\",\"scrolltotop\":true,\"idcount\":2,\"isunderconstruction\":false}","Culture":"en-US","Extra":""}],"APIInvokeList":[],"HeaderView":"&lt;div class=\"editor-row sfCol_100 editor-com-innerSpacing-right-0 editor-com-innerSpacing-left-0 editor-com-innerSpacing-top-10 editor-com-innerSpacing-bottom-10\" data-backgroundcolor=\"color\" data-backgroundimage=\"\" style=\"color: rgb(34, 34, 34); background-color: rgb(255, 255, 255);\"&gt;&lt;div class=\"editor-row-container container-medium\"&gt;&lt;div class=\"colWrapper sfCol_100\"&gt;&lt;div class=\"editor-col ui-state-default sfFixed sfCol_25\" style=\"\"&gt;&lt;div class=\"editor-component image editor-com-innerSpacing-top-0 editor-com-outerSpacing-top-0 editor-com-outerSpacing-right-0 editor-com-outerSpacing-bottom-0 editor-com-outerSpacing-left-0 sfCol_100 text-align-left\"&gt;&lt;img src=\"http://172.18.12.40:9181/Medi2\\tempblack_2017_05_29_18_00_33.png\" class=\"editor-image sfCol_100\"&gt;&lt;/div&gt;&lt;/div&gt;&lt;div class=\"editor-col ui-state-default sfFixed sfCol_75\" style=\"\" id=\"menuHEaderDOM\"&gt;&lt;div class=\"editor-component menuHeader sfCol_100 editor-com-innerSpacing-left-0 editor-com-innerSpacing-bottom-0 editor-com-innerSpacing-right-0 editor-com-innerSpacing-top-5 text-align-right activeSetting\" data-backgroundcolor=\"color\" data-backgroundimage=\"\" style=\"background-color: rgba(143, 170, 211, 0); color: rgb(34, 34, 34);\" data-mcolor=\"rgba(0, 0, 0,1)\" data-mbgcolor=\"rgba(255, 255, 255,1)\"&gt;&lt;div class=\"res-menu-trigger\"&gt;&lt;span&gt;&lt;/span&gt;&lt;/div&gt;&lt;nav class=\"editor-com-nav nav-style-line\" data-active=\"mutiplepage\"&gt;&lt;ul class=\"eb-menu sfDropdown clearfix sf-js-enabled\" style=\"display: block;\" data-textcolor=\"rgba(54, 58, 63,1)\"&gt;&lt;li data-pageid=\"2109\" data-webbuilderid=\"1\"&gt;&lt;a href=\"fakeMenuURL/Home\" class=\"pagelink\" style=\"\"&gt;&lt;span class=\"pageName editor-text-letterSpacing-0\" style=\"font-size: 14px; color: rgb(54, 58, 63);\"&gt;Home&lt;/span&gt;&lt;/a&gt;&lt;/li&gt;&lt;li data-pageid=\"2141\" data-webbuilderid=\"2\"&gt;&lt;a href=\"fakeMenuURL/old\" class=\"pagelink\" style=\"\"&gt;&lt;span class=\"pageName editor-text-letterSpacing-0\" style=\"color: rgb(54, 58, 63);\"&gt;old&lt;/span&gt;&lt;/a&gt;&lt;/li&gt;&lt;/ul&gt;&lt;ul class=\"onepagemenu sfDropdown clearfix sf-js-enabled\" style=\"display: none;\" data-textcolor=\"rgba(54, 58, 63,1)\"&gt;&lt;/ul&gt;&lt;/nav&gt;&lt;/div&gt;&lt;/div&gt;&lt;/div&gt;&lt;/div&gt;&lt;/div&gt;","HeaderEdit":"&lt;div class=\"editor-row sfCol_100 editor-com-innerSpacing-right-0 editor-com-innerSpacing-left-0 editor-com-innerSpacing-top-10 editor-com-innerSpacing-bottom-10\" data-backgroundcolor=\"color\" data-backgroundimage=\"\" style=\"color: rgb(34, 34, 34); background-color: rgb(255, 255, 255);\"&gt;&lt;div class=\"editor-row-container container-medium\"&gt;&lt;div class=\"carrier-open-option no-drag topsetting\"&gt;\n            Header&lt;i class=\"tooglesettings fa fa-bars\"&gt;&lt;/i&gt;&lt;/div&gt;&lt;div class=\"row-options carries-options hide-element\"&gt;&lt;i class=\"com-settings\" data-type=\"siteheader\" title=\"Header settings\"&gt;Header settings&lt;/i&gt;&lt;/div&gt;&lt;div class=\"colWrapper sfCol_100\"&gt;&lt;div class=\"editor-col ui-state-default sfFixed sfCol_25 ui-sortable ui-droppable\" style=\"\"&gt;&lt;div class=\"editor-component image editor-com-innerSpacing-top-0 editor-com-outerSpacing-top-0 editor-com-outerSpacing-right-0 editor-com-outerSpacing-bottom-0 editor-com-outerSpacing-left-0 sfCol_100 text-align-left\"&gt;&lt;div class=\"carrier-open-option no-drag logosetting\"&gt;\n                        Image&lt;i class=\"fa fa-bars\"&gt;&lt;/i&gt;&lt;/div&gt;&lt;div class=\"img-options carries-options hide-element\"&gt;&lt;i class=\"row-setting com-settings\" data-type=\"image\" title=\"image setting\"&gt;Settings&lt;/i&gt;&lt;i class=\"image-settings\" title=\"Manage Style settings\" data-type=\"image\"&gt;Change image&lt;/i&gt;&lt;/div&gt;&lt;img src=\"http://172.18.12.40:9181/Medi2\\tempblack_2017_05_29_18_00_33.png\" class=\"editor-image sfCol_100\"&gt;&lt;/div&gt;&lt;/div&gt;&lt;div class=\"editor-col ui-state-default sfFixed sfCol_75 ui-sortable ui-droppable\" style=\"\" id=\"menuHEaderDOM\"&gt;&lt;div class=\"editor-component menuHeader sfCol_100 editor-com-innerSpacing-left-0 editor-com-innerSpacing-bottom-0 editor-com-innerSpacing-right-0 editor-com-innerSpacing-top-5 text-align-right activeSetting\" data-backgroundcolor=\"color\" data-backgroundimage=\"\" style=\"background-color: rgba(143, 170, 211, 0); color: rgb(34, 34, 34);\" data-mcolor=\"rgba(0, 0, 0,1)\" data-mbgcolor=\"rgba(255, 255, 255,1)\"&gt;&lt;div class=\"carrier-open-option no-drag menusetting\"&gt;MenuSetings&lt;i class=\"fa fa-bars\"&gt;&lt;/i&gt;&lt;/div&gt;&lt;div class=\"text-options carries-options hide-element\"&gt;&lt;i class=\"com-settings\" data-type=\"menu\" title=\"menu settings\"&gt;Menu Settings&lt;/i&gt;&lt;i class=\"com-settings\" data-type=\"menupages\" title=\"pages settings\"&gt;Manage Pages&lt;/i&gt;&lt;/div&gt;&lt;div class=\"res-menu-trigger\"&gt;&lt;span&gt;&lt;/span&gt;&lt;/div&gt;&lt;nav class=\"editor-com-nav nav-style-line\" data-active=\"mutiplepage\"&gt;&lt;ul class=\"eb-menu sfDropdown clearfix sf-js-enabled\" style=\"display: block;\" data-textcolor=\"rgba(54, 58, 63,1)\"&gt;&lt;li data-pageid=\"2109\" data-webbuilderid=\"1\"&gt;&lt;a href=\"fakeMenuURL/Home\" class=\"pagelink active-page\" style=\"border-color: rgb(255, 36, 0);\"&gt;&lt;span class=\"pageName editor-text-letterSpacing-0\" style=\"font-size: 14px; color: rgb(255, 211, 211);\"&gt;Home&lt;/span&gt;&lt;/a&gt;&lt;/li&gt;&lt;li data-pageid=\"2141\" data-webbuilderid=\"2\"&gt;&lt;a href=\"fakeMenuURL/old\" class=\"pagelink\" style=\"\"&gt;&lt;span class=\"pageName editor-text-letterSpacing-0\" style=\"color: rgb(54, 58, 63);\"&gt;old&lt;/span&gt;&lt;/a&gt;&lt;/li&gt;&lt;/ul&gt;&lt;ul class=\"onepagemenu sfDropdown clearfix sf-js-enabled\" style=\"display: none;\" data-textcolor=\"rgba(54, 58, 63,1)\"&gt;&lt;/ul&gt;&lt;/nav&gt;&lt;/div&gt;&lt;/div&gt;&lt;/div&gt;&lt;/div&gt;&lt;/div&gt;","FooterEdit":"&lt;div class=\"editor-row sfCol_100 text-align-center\"&gt;&lt;div class=\"carrier-open-option no-drag\"&gt;\n        Footer&lt;i class=\"tooglesettings fa fa-bars\"&gt;&lt;/i&gt;&lt;/div&gt;&lt;div class=\"hide-element  carries-options row-options\"&gt;&lt;i class=\"com-settings\" title=\"Footer settings\" data-type=\"row\"&gt;Settings&lt;/i&gt;&lt;i class=\"com-style\" title=\"Footer column settings\" data-type=\"row\"&gt;Manage Columns&lt;/i&gt;&lt;!--&lt;i class=\"ManageFooter\" title=\"Row settings\" data-type=\"footer\"&gt;Manage Footer&lt;/i&gt;--&gt;&lt;/div&gt;&lt;div class=\"colWrapper sfCol_100\"&gt;&lt;div class=\"editor-col ui-state-default text-align-center sfFixed editor-com-innerSpacing-top-35 editor-com-innerSpacing-right-35 editor-com-innerSpacing-bottom-35 editor-com-innerSpacing-left-35 sfCol_100 ui-sortable ui-droppable\"&gt;&lt;div class=\"carrier-open-option\"&gt;Col&lt;i class=\"fa fa-bars\"&gt;&lt;/i&gt;&lt;/div&gt;&lt;div class=\"hide-element  carries-options col-options\"&gt;&lt;i class=\"com-settings\" title=\"Col settings\" data-type=\"column\"&gt;Settings&lt;/i&gt;&lt;i class=\"copyData\" title=\"duplicate\"&gt;Copy Components&lt;/i&gt;&lt;i class=\"inactivePaste pasteData\" title=\"paste\"&gt;Paste Components&lt;/i&gt;&lt;i class=\"deletehelper\" title=\"delete\"&gt;Empty Column&lt;/i&gt;&lt;/div&gt;&lt;div class=\"column-data-empty\"&gt;&lt;h4&gt;This is Column&lt;/h4&gt;&lt;p&gt;You can Drag and drop Components here&lt;/p&gt;&lt;/div&gt;&lt;/div&gt;&lt;/div&gt;&lt;/div&gt;","FooterView":"&lt;div class=\"editor-row sfCol_100 text-align-center\"&gt;&lt;div class=\"colWrapper sfCol_100\"&gt;&lt;div class=\"editor-col ui-state-default text-align-center sfFixed editor-com-innerSpacing-top-35 editor-com-innerSpacing-right-35 editor-com-innerSpacing-bottom-35 editor-com-innerSpacing-left-35 sfCol_100\"&gt;&lt;div class=\"column-data-empty\"&gt;&lt;h4&gt;This is Column&lt;/h4&gt;&lt;p&gt;You can Drag and drop Components here&lt;/p&gt;&lt;/div&gt;&lt;/div&gt;&lt;/div&gt;&lt;/div&gt;","Components":"1</UniversalComponentID></compo>2</UniversalComponentID></compo>3</UniversalComponentID></compo>4</UniversalComponentID></compo>5</UniversalComponentID></compo>6</UniversalComponentID></compo>7</UniversalComponentID></compo>8</UniversalComponentID></compo>9</UniversalComponentID></compo>10</UniversalComponentID></compo>11</UniversalComponentID></compo>12</UniversalComponentID></compo>13</UniversalComponentID></compo>14</UniversalComponentID></compo>15</UniversalComponentID></compo>16</UniversalComponentID></compo>17</UniversalComponentID></compo>18</UniversalComponentID></compo>19</UniversalComponentID></compo>20</UniversalComponentID></compo>21</UniversalComponentID></compo>22</UniversalComponentID></compo>23</UniversalComponentID></compo>24</UniversalComponentID></compo>25</UniversalComponentID></compo>26</UniversalComponentID></compo>27</UniversalComponentID></compo>28</UniversalComponentID></compo>29</UniversalComponentID></compo>30</UniversalComponentID></compo>31</UniversalComponentID></compo>32</UniversalComponentID></compo>33</UniversalComponentID></compo>34</UniversalComponentID></compo>35</UniversalComponentID></compo>36</UniversalComponentID></compo>37</UniversalComponentID></compo>38</UniversalComponentID></compo>39</UniversalComponentID></compo>40</UniversalComponentID></compo>41#0.00,42#0.00","ComponentName":"accordion,bar chart,body,button,card,carousel,column,contact us,custom imghvr toplayer,font icon,gallery,google map,heading,holder,icon text,iFrame,image hover,image slider,image,line chart,logo slider,managepages,menu,menupages,milestone,pie chart,row separator,row,siteheader,siteheadermenu,skill bar,social link,tabs,text link,text,Text editor,underline,VideoBanner,youtube video,SoundCloudPlayer,apitester,demo","UserName":null,"PortalID":0,"UserModuleID":0,"Culture":"en-US","SecureToken":null,"HostURL":null,"DefaultPage":"Home"}
